"Name of the group";"Name of the estimated parameter";"Default value";"Selected initial value";"Final value"
"phenology";"stlevamf";"324.80";"150.00";"150.00"
"phenology";"stamflax";"446.80";"388.20";"388.20"
"phenology";"stdrpmat";"820.00";"832.97";"832.97"
"phenology";"jvc";"58.36";"60.00";"60.00"
"plant_biomass";"efcroiveg";"5.30";"3.00";"3.00"
"plant_biomass";"efcroirepro";"3.50";"4.13";"4.13"
"plant_biomass";"dlaimaxbrut";"0.0032";"0.00078";"0.00078"
"plant_N_content";"Vmax2";"0.08";"0.002";"0.002"
"grain_number";"cgrain";"0.032";"0.04";"0.037"
"yield";"vitircarbT";"0.00031";"0.00072";"0.00072"
"seed_protein";"vitirazo";"0.0064";"0.02";"0.02"
