"Name of the group";"Name of the estimated parameters";"Number of starting values";"Initial value of the minimized criterion";"Final value of the minimized criterion";"Final AICc";"Total number of calls to model";"Simulation time (h)";"Selected step"
"phenology";"stlevamf, stamflax, stdrpmat";"1";"21781.00";"7680.00";"116.72";"12";"NA";""
"phenology";"stlevamf, stamflax, stdrpmat, jvc     ";"1";"7680.00";"4251.00";"109.44";"12";"0.057";"X"
"plant_biomass";"efcroiveg  , efcroirepro";"1";"15.60";"4.79";"-16.68";"12";"NA";""
"plant_biomass";"efcroiveg  , efcroirepro, dlaimaxbrut";"1";"4.79";"1.51";"-33.33";"12";"0.045";"X"
"plant_N_content";"Vmax2";"1";"0.43";"0.021";"-8.93";"8";"NA";"X"
"plant_N_content";"Vmax2  , croirac";"1";"0.021";"0.013";"Inf";"9";"0.034";""
"grain_number";"cgrain";"1";"365253673.31";"178922210.54";"106.26";"8";"NA";"X"
"grain_number";"cgrain  , nbjgrain";"1";"178922210.54";"168368628.75";"110.90";"9";"0.042";""
"yield";"vitircarbT";"1";"541494.90";"22249.97";"45.34";"12";"NA";"X"
"yield";"vitircarbT, pgrainmaxi";"1";"22249.97";"9698.70";"47.85";"12";"0.058";""
"seed_protein";"vitirazo";"1";"164.66";"10.91";"6.59";"12";"0.029";"X"
